N,T,alpha,r,q
1000,50,0.5,5.2904935253738525,0.21780098950428498
