N,T,alpha,r,q
10000.0,50.0,0.5,5.2904935253738525,0.21780098950428498
