N,T,alpha,r,q
600.0,50.0,2.0,5.2904935253738525,0.21780098950428498
