N,T,alpha,r,q
600,50,2.0,5.2904935253738525,0.21780098950428498
